Index,Character,Pinyin,Sentence
1,"一","yī","一是一。"
2,"七","qī","七是七。"
3,"三","sān","三是三。"
4,"不","bù","我不去。"
5,"专","[PINYIN_专]","这个字是专。"
6,"且","[PINYIN_且]","这个字是且。"
7,"世","[PINYIN_世]","这个字是世。"
8,"业","[PINYIN_业]","这个字是业。"
9,"东","dōng","东方。"
10,"丝","[PINYIN_丝]","这个字是丝。"
11,"两","[PINYIN_两]","这个字是两。"
12,"个","gè","一个人。"
13,"丰","[PINYIN_丰]","这个字是丰。"
14,"临","[PINYIN_临]","这个字是临。"
15,"为","[PINYIN_为]","这个字是为。"
16,"主","[PINYIN_主]","这个字是主。"
17,"丽","[PINYIN_丽]","这个字是丽。"
18,"久","[PINYIN_久]","这个字是久。"
19,"么","[PINYIN_么]","这个字是么。"
20,"之","[PINYIN_之]","这个字是之。"
21,"乐","[PINYIN_乐]","这个字是乐。"
22,"九","jiǔ","九是九。"
23,"也","yě","我也去。"
24,"习","[PINYIN_习]","这个字是习。"
25,"乡","[PINYIN_乡]","这个字是乡。"
26,"买","mǎi","我买东西。"
27,"争","[PINYIN_争]","这个字是争。"
28,"事","[PINYIN_事]","这个字是事。"
29,"二","èr","二是二。"
30,"于","[PINYIN_于]","这个字是于。"
31,"互","[PINYIN_互]","这个字是互。"
32,"五","wǔ","五是五。"
33,"些","xiē","这些是书。"
34,"交","[PINYIN_交]","这个字是交。"
35,"产","[PINYIN_产]","这个字是产。"
36,"京","[PINYIN_京]","这个字是京。"
37,"亮","[PINYIN_亮]","这个字是亮。"
38,"亲","[PINYIN_亲]","这个字是亲。"
39,"人","rén","我是人。"
40,"什","[PINYIN_什]","这个字是什。"
41,"仅","[PINYIN_仅]","这个字是仅。"
42,"今","[PINYIN_今]","这个字是今。"
43,"介","[PINYIN_介]","这个字是介。"
44,"从","[PINYIN_从]","这个字是从。"
45,"仔","[PINYIN_仔]","这个字是仔。"
46,"他","tā","他是老师。"
47,"仙","[PINYIN_仙]","这个字是仙。"
48,"代","[PINYIN_代]","这个字是代。"
49,"以","[PINYIN_以]","这个字是以。"
50,"们","men","我们很好。"
51,"件","[PINYIN_件]","这个字是件。"
52,"价","[PINYIN_价]","这个字是价。"
53,"任","[PINYIN_任]","这个字是任。"
54,"份","[PINYIN_份]","这个字是份。"
55,"企","[PINYIN_企]","这个字是企。"
56,"休","[PINYIN_休]","这个字是休。"
57,"优","[PINYIN_优]","这个字是优。"
58,"伙","[PINYIN_伙]","这个字是伙。"
59,"会","huì","我会说中文。"
60,"伟","[PINYIN_伟]","这个字是伟。"
61,"传","[PINYIN_传]","这个字是传。"
62,"似","[PINYIN_似]","这个字是似。"
63,"但","[PINYIN_但]","这个字是但。"
64,"位","[PINYIN_位]","这个字是位。"
65,"住","zhù","我住这里。"
66,"体","[PINYIN_体]","这个字是体。"
67,"何","[PINYIN_何]","这个字是何。"
68,"作","[PINYIN_作]","这个字是作。"
69,"你","nǐ","你好吗？"
70,"使","[PINYIN_使]","这个字是使。"
71,"供","[PINYIN_供]","这个字是供。"
72,"便","[PINYIN_便]","这个字是便。"
73,"俑","[PINYIN_俑]","这个字是俑。"
74,"俗","[PINYIN_俗]","这个字是俗。"
75,"保","[PINYIN_保]","这个字是保。"
76,"信","[PINYIN_信]","这个字是信。"
77,"候","[PINYIN_候]","这个字是候。"
78,"假","jiǎ","假的。"
79,"健","[PINYIN_健]","这个字是健。"
80,"傅","[PINYIN_傅]","这个字是傅。"
81,"傲","[PINYIN_傲]","这个字是傲。"
82,"像","[PINYIN_像]","这个字是像。"
83,"儿","[PINYIN_儿]","这个字是儿。"
84,"元","[PINYIN_元]","这个字是元。"
85,"兑","[PINYIN_兑]","这个字是兑。"
86,"全","[PINYIN_全]","这个字是全。"
87,"八","[PINYIN_八]","这个字是八。"
88,"公","[PINYIN_公]","这个字是公。"
89,"关","[PINYIN_关]","这个字是关。"
90,"兴","[PINYIN_兴]","这个字是兴。"
91,"兵","[PINYIN_兵]","这个字是兵。"
92,"其","[PINYIN_其]","这个字是其。"
93,"典","[PINYIN_典]","这个字是典。"
94,"再","[PINYIN_再]","这个字是再。"
95,"冒","[PINYIN_冒]","这个字是冒。"
96,"写","[PINYIN_写]","这个字是写。"
97,"农","[PINYIN_农]","这个字是农。"
98,"冬","[PINYIN_冬]","这个字是冬。"
99,"冰","[PINYIN_冰]","这个字是冰。"
100,"决","[PINYIN_决]","这个字是决。"
101,"况","[PINYIN_况]","这个字是况。"
102,"准","[PINYIN_准]","这个字是准。"
103,"几","[PINYIN_几]","这个字是几。"
104,"出","chū","我出去。"
105,"划","[PINYIN_划]","这个字是划。"
106,"列","[PINYIN_列]","这个字是列。"
107,"则","[PINYIN_则]","这个字是则。"
108,"刚","[PINYIN_刚]","这个字是刚。"
109,"利","[PINYIN_利]","这个字是利。"
110,"别","[PINYIN_别]","这个字是别。"
111,"到","dào","我到了。"
112,"前","qián","前面。"
113,"剧","[PINYIN_剧]","这个字是剧。"
114,"力","[PINYIN_力]","这个字是力。"
115,"功","[PINYIN_功]","这个字是功。"
116,"务","[PINYIN_务]","这个字是务。"
117,"助","[PINYIN_助]","这个字是助。"
118,"努","[PINYIN_努]","这个字是努。"
119,"劳","[PINYIN_劳]","这个字是劳。"
120,"包","[PINYIN_包]","这个字是包。"
121,"化","[PINYIN_化]","这个字是化。"
122,"北","běi","北方。"
123,"匙","[PINYIN_匙]","这个字是匙。"
124,"医","[PINYIN_医]","这个字是医。"
125,"十","shí","十是十。"
126,"午","[PINYIN_午]","这个字是午。"
127,"半","[PINYIN_半]","这个字是半。"
128,"协","[PINYIN_协]","这个字是协。"
129,"南","nán","南方。"
130,"博","[PINYIN_博]","这个字是博。"
131,"卡","[PINYIN_卡]","这个字是卡。"
132,"卦","[PINYIN_卦]","这个字是卦。"
133,"卧","[PINYIN_卧]","这个字是卧。"
134,"卫","[PINYIN_卫]","这个字是卫。"
135,"印","[PINYIN_印]","这个字是印。"
136,"危","[PINYIN_危]","这个字是危。"
137,"即","[PINYIN_即]","这个字是即。"
138,"卷","[PINYIN_卷]","这个字是卷。"
139,"厂","[PINYIN_厂]","这个字是厂。"
140,"历","[PINYIN_历]","这个字是历。"
141,"原","[PINYIN_原]","这个字是原。"
142,"去","qù","我去学校。"
143,"参","[PINYIN_参]","这个字是参。"
144,"及","[PINYIN_及]","这个字是及。"
145,"友","[PINYIN_友]","这个字是友。"
146,"反","[PINYIN_反]","这个字是反。"
147,"发","[PINYIN_发]","这个字是发。"
148,"叔","[PINYIN_叔]","这个字是叔。"
149,"口","kǒu","口很渴。"
150,"古","[PINYIN_古]","这个字是古。"
151,"另","[PINYIN_另]","这个字是另。"
152,"史","[PINYIN_史]","这个字是史。"
153,"右","yòu","右边。"
154,"叶","[PINYIN_叶]","这个字是叶。"
155,"号","[PINYIN_号]","这个字是号。"
156,"司","[PINYIN_司]","这个字是司。"
157,"吃","chī","我吃饭。"
158,"各","[PINYIN_各]","这个字是各。"
159,"合","[PINYIN_合]","这个字是合。"
160,"吉","[PINYIN_吉]","这个字是吉。"
161,"同","[PINYIN_同]","这个字是同。"
162,"名","[PINYIN_名]","这个字是名。"
163,"后","hòu","后面。"
164,"吗","ma","好吗？"
165,"吧","ba","好吧。"
166,"听","tīng","我听音乐。"
167,"吸","[PINYIN_吸]","这个字是吸。"
168,"呀","ya","好呀。"
169,"告","[PINYIN_告]","这个字是告。"
170,"员","[PINYIN_员]","这个字是员。"
171,"呢","ne","你呢？"
172,"命","[PINYIN_命]","这个字是命。"
173,"和","hé","我和你。"
174,"咖","[PINYIN_咖]","这个字是咖。"
175,"咱","[PINYIN_咱]","这个字是咱。"
176,"品","[PINYIN_品]","这个字是品。"
177,"哈","hā","哈哈。"
178,"响","[PINYIN_响]","这个字是响。"
179,"哎","[PINYIN_哎]","这个字是哎。"
180,"哥","[PINYIN_哥]","这个字是哥。"
181,"哪","[PINYIN_哪]","这个字是哪。"
182,"哲","[PINYIN_哲]","这个字是哲。"
183,"唱","[PINYIN_唱]","这个字是唱。"
184,"商","[PINYIN_商]","这个字是商。"
185,"啡","[PINYIN_啡]","这个字是啡。"
186,"喘","[PINYIN_喘]","这个字是喘。"
187,"嗽","[PINYIN_嗽]","这个字是嗽。"
188,"嘴","[PINYIN_嘴]","这个字是嘴。"
189,"器","[PINYIN_器]","这个字是器。"
190,"四","[PINYIN_四]","这个字是四。"
191,"回","huí","我回家。"
192,"因","[PINYIN_因]","这个字是因。"
193,"团","[PINYIN_团]","这个字是团。"
194,"园","[PINYIN_园]","这个字是园。"
195,"困","[PINYIN_困]","这个字是困。"
196,"国","[PINYIN_国]","这个字是国。"
197,"图","[PINYIN_图]","这个字是图。"
198,"圈","[PINYIN_圈]","这个字是圈。"
199,"土","tǔ","土地。"
200,"在","zài","我在家。"
201,"场","[PINYIN_场]","这个字是场。"
202,"圾","[PINYIN_圾]","这个字是圾。"
203,"址","[PINYIN_址]","这个字是址。"
204,"均","[PINYIN_均]","这个字是均。"
205,"坐","zuò","我坐车。"
206,"块","[PINYIN_块]","这个字是块。"
207,"坚","[PINYIN_坚]","这个字是坚。"
208,"垃","[PINYIN_垃]","这个字是垃。"
209,"基","[PINYIN_基]","这个字是基。"
210,"堂","[PINYIN_堂]","这个字是堂。"
211,"堵","[PINYIN_堵]","这个字是堵。"
212,"境","[PINYIN_境]","这个字是境。"
213,"墙","[PINYIN_墙]","这个字是墙。"
214,"增","[PINYIN_增]","这个字是增。"
215,"壁","[PINYIN_壁]","这个字是壁。"
216,"士","[PINYIN_士]","这个字是士。"
217,"处","[PINYIN_处]","这个字是处。"
218,"备","[PINYIN_备]","这个字是备。"
219,"复","[PINYIN_复]","这个字是复。"
220,"外","wài","外面。"
221,"多","duō","很多书。"
222,"天","tiān","今天。"
223,"太","[PINYIN_太]","这个字是太。"
224,"夫","[PINYIN_夫]","这个字是夫。"
225,"失","[PINYIN_失]","这个字是失。"
226,"头","tóu","头发。"
227,"奇","[PINYIN_奇]","这个字是奇。"
228,"奏","[PINYIN_奏]","这个字是奏。"
229,"奖","[PINYIN_奖]","这个字是奖。"
230,"女","[PINYIN_女]","这个字是女。"
231,"奶","[PINYIN_奶]","这个字是奶。"
232,"她","tā","她是医生。"
233,"好","hǎo","你好。"
234,"如","[PINYIN_如]","这个字是如。"
235,"妈","[PINYIN_妈]","这个字是妈。"
236,"妹","[PINYIN_妹]","这个字是妹。"
237,"妻","[PINYIN_妻]","这个字是妻。"
238,"始","[PINYIN_始]","这个字是始。"
239,"姐","[PINYIN_姐]","这个字是姐。"
240,"姓","[PINYIN_姓]","这个字是姓。"
241,"姨","[PINYIN_姨]","这个字是姨。"
242,"娘","[PINYIN_娘]","这个字是娘。"
243,"婆","[PINYIN_婆]","这个字是婆。"
244,"婚","[PINYIN_婚]","这个字是婚。"
245,"子","[PINYIN_子]","这个字是子。"
246,"孔","[PINYIN_孔]","这个字是孔。"
247,"字","[PINYIN_字]","这个字是字。"
248,"孟","[PINYIN_孟]","这个字是孟。"
249,"季","[PINYIN_季]","这个字是季。"
250,"学","xué","我学习。"
251,"孩","[PINYIN_孩]","这个字是孩。"
252,"宅","[PINYIN_宅]","这个字是宅。"
253,"守","[PINYIN_守]","这个字是守。"
254,"安","[PINYIN_安]","这个字是安。"
255,"定","[PINYIN_定]","这个字是定。"
256,"宝","[PINYIN_宝]","这个字是宝。"
257,"实","[PINYIN_实]","这个字是实。"
258,"客","[PINYIN_客]","这个字是客。"
259,"室","[PINYIN_室]","这个字是室。"
260,"宫","[PINYIN_宫]","这个字是宫。"
261,"宴","[PINYIN_宴]","这个字是宴。"
262,"宵","[PINYIN_宵]","这个字是宵。"
263,"家","jiā","我家。"
264,"容","[PINYIN_容]","这个字是容。"
265,"宾","[PINYIN_宾]","这个字是宾。"
266,"宿","[PINYIN_宿]","这个字是宿。"
267,"密","[PINYIN_密]","这个字是密。"
268,"富","[PINYIN_富]","这个字是富。"
269,"寒","[PINYIN_寒]","这个字是寒。"
270,"察","[PINYIN_察]","这个字是察。"
271,"导","[PINYIN_导]","这个字是导。"
272,"将","[PINYIN_将]","这个字是将。"
273,"尊","[PINYIN_尊]","这个字是尊。"
274,"小","xiǎo","很小。"
275,"尔","[PINYIN_尔]","这个字是尔。"
276,"尘","[PINYIN_尘]","这个字是尘。"
277,"尤","[PINYIN_尤]","这个字是尤。"
278,"就","jiù","我就来。"
279,"尽","[PINYIN_尽]","这个字是尽。"
280,"局","[PINYIN_局]","这个字是局。"
281,"屉","[PINYIN_屉]","这个字是屉。"
282,"展","[PINYIN_展]","这个字是展。"
283,"山","shān","高山。"
284,"岁","[PINYIN_岁]","这个字是岁。"
285,"岛","[PINYIN_岛]","这个字是岛。"
286,"州","[PINYIN_州]","这个字是州。"
287,"工","[PINYIN_工]","这个字是工。"
288,"左","zuǒ","左边。"
289,"巧","[PINYIN_巧]","这个字是巧。"
290,"差","[PINYIN_差]","这个字是差。"
291,"己","[PINYIN_己]","这个字是己。"
292,"已","[PINYIN_已]","这个字是已。"
293,"巴","[PINYIN_巴]","这个字是巴。"
294,"币","[PINYIN_币]","这个字是币。"
295,"市","[PINYIN_市]","这个字是市。"
296,"帅","[PINYIN_帅]","这个字是帅。"
297,"师","[PINYIN_师]","这个字是师。"
298,"希","[PINYIN_希]","这个字是希。"
299,"帮","[PINYIN_帮]","这个字是帮。"
300,"常","[PINYIN_常]","这个字是常。"
301,"帽","[PINYIN_帽]","这个字是帽。"
302,"幕","[PINYIN_幕]","这个字是幕。"
303,"平","[PINYIN_平]","这个字是平。"
304,"并","[PINYIN_并]","这个字是并。"
305,"幸","[PINYIN_幸]","这个字是幸。"
306,"广","[PINYIN_广]","这个字是广。"
307,"床","chuáng","床很舒服。"
308,"底","[PINYIN_底]","这个字是底。"
309,"店","[PINYIN_店]","这个字是店。"
310,"座","[PINYIN_座]","这个字是座。"
311,"庭","[PINYIN_庭]","这个字是庭。"
312,"康","[PINYIN_康]","这个字是康。"
313,"延","[PINYIN_延]","这个字是延。"
314,"式","[PINYIN_式]","这个字是式。"
315,"引","[PINYIN_引]","这个字是引。"
316,"弟","[PINYIN_弟]","这个字是弟。"
317,"张","zhāng","一张纸。"
318,"弯","[PINYIN_弯]","这个字是弯。"
319,"录","[PINYIN_录]","这个字是录。"
320,"彩","[PINYIN_彩]","这个字是彩。"
321,"影","[PINYIN_影]","这个字是影。"
322,"往","[PINYIN_往]","这个字是往。"
323,"很","hěn","很好。"
324,"微","[PINYIN_微]","这个字是微。"
325,"志","[PINYIN_志]","这个字是志。"
326,"忙","[PINYIN_忙]","这个字是忙。"
327,"快","kuài","很快。"
328,"态","[PINYIN_态]","这个字是态。"
329,"怎","[PINYIN_怎]","这个字是怎。"
330,"思","[PINYIN_思]","这个字是思。"
331,"性","[PINYIN_性]","这个字是性。"
332,"怪","[PINYIN_怪]","这个字是怪。"
333,"总","[PINYIN_总]","这个字是总。"
334,"恐","[PINYIN_恐]","这个字是恐。"
335,"恤","[PINYIN_恤]","这个字是恤。"
336,"息","[PINYIN_息]","这个字是息。"
337,"恼","[PINYIN_恼]","这个字是恼。"
338,"悔","[PINYIN_悔]","这个字是悔。"
339,"您","[PINYIN_您]","这个字是您。"
340,"情","[PINYIN_情]","这个字是情。"
341,"惜","[PINYIN_惜]","这个字是惜。"
342,"想","xiǎng","我想你。"
343,"愉","[PINYIN_愉]","这个字是愉。"
344,"意","[PINYIN_意]","这个字是意。"
345,"感","[PINYIN_感]","这个字是感。"
346,"愿","[PINYIN_愿]","这个字是愿。"
347,"慈","[PINYIN_慈]","这个字是慈。"
348,"慢","màn","很慢。"
349,"憾","[PINYIN_憾]","这个字是憾。"
350,"成","[PINYIN_成]","这个字是成。"
351,"我","wǒ","我是学生。"
352,"戒","[PINYIN_戒]","这个字是戒。"
353,"或","huò","你或我。"
354,"户","[PINYIN_户]","这个字是户。"
355,"房","fáng","房子。"
356,"所","[PINYIN_所]","这个字是所。"
357,"才","[PINYIN_才]","这个字是才。"
358,"扎","[PINYIN_扎]","这个字是扎。"
359,"打","[PINYIN_打]","这个字是打。"
360,"托","[PINYIN_托]","这个字是托。"
361,"扫","[PINYIN_扫]","这个字是扫。"
362,"扮","[PINYIN_扮]","这个字是扮。"
363,"找","[PINYIN_找]","这个字是找。"
364,"技","[PINYIN_技]","这个字是技。"
365,"折","[PINYIN_折]","这个字是折。"
366,"护","[PINYIN_护]","这个字是护。"
367,"报","[PINYIN_报]","这个字是报。"
368,"担","[PINYIN_担]","这个字是担。"
369,"拥","[PINYIN_拥]","这个字是拥。"
370,"括","[PINYIN_括]","这个字是括。"
371,"持","[PINYIN_持]","这个字是持。"
372,"换","[PINYIN_换]","这个字是换。"
373,"据","[PINYIN_据]","这个字是据。"
374,"掌","[PINYIN_掌]","这个字是掌。"
375,"接","[PINYIN_接]","这个字是接。"
376,"握","[PINYIN_握]","这个字是握。"
377,"摄","[PINYIN_摄]","这个字是摄。"
378,"摇","[PINYIN_摇]","这个字是摇。"
379,"摩","[PINYIN_摩]","这个字是摩。"
380,"播","[PINYIN_播]","这个字是播。"
381,"政","[PINYIN_政]","这个字是政。"
382,"故","[PINYIN_故]","这个字是故。"
383,"救","[PINYIN_救]","这个字是救。"
384,"教","jiāo","教我。"
385,"散","[PINYIN_散]","这个字是散。"
386,"敬","[PINYIN_敬]","这个字是敬。"
387,"数","[PINYIN_数]","这个字是数。"
388,"整","[PINYIN_整]","这个字是整。"
389,"文","[PINYIN_文]","这个字是文。"
390,"断","[PINYIN_断]","这个字是断。"
391,"新","xīn","新书。"
392,"旁","[PINYIN_旁]","这个字是旁。"
393,"旅","[PINYIN_旅]","这个字是旅。"
394,"族","[PINYIN_族]","这个字是族。"
395,"旗","[PINYIN_旗]","这个字是旗。"
396,"日","rì","今天。"
397,"旧","jiù","旧书。"
398,"早","[PINYIN_早]","这个字是早。"
399,"时","shí","什么时候？"
400,"明","[PINYIN_明]","这个字是明。"
401,"易","[PINYIN_易]","这个字是易。"
402,"星","[PINYIN_星]","这个字是星。"
403,"昨","[PINYIN_昨]","这个字是昨。"
404,"是","shì","我是学生。"
405,"显","[PINYIN_显]","这个字是显。"
406,"晚","[PINYIN_晚]","这个字是晚。"
407,"晨","[PINYIN_晨]","这个字是晨。"
408,"普","[PINYIN_普]","这个字是普。"
409,"景","[PINYIN_景]","这个字是景。"
410,"暑","[PINYIN_暑]","这个字是暑。"
411,"暖","nuǎn","很暖。"
412,"曲","[PINYIN_曲]","这个字是曲。"
413,"替","[PINYIN_替]","这个字是替。"
414,"月","yuè","这个月。"
415,"有","yǒu","我有书。"
416,"朋","[PINYIN_朋]","这个字是朋。"
417,"服","[PINYIN_服]","这个字是服。"
418,"望","[PINYIN_望]","这个字是望。"
419,"期","[PINYIN_期]","这个字是期。"
420,"木","mù","木头。"
421,"未","[PINYIN_未]","这个字是未。"
422,"末","[PINYIN_末]","这个字是末。"
423,"术","[PINYIN_术]","这个字是术。"
424,"机","[PINYIN_机]","这个字是机。"
425,"杂","[PINYIN_杂]","这个字是杂。"
426,"李","[PINYIN_李]","这个字是李。"
427,"村","[PINYIN_村]","这个字是村。"
428,"来","lái","你来我家。"
429,"杭","[PINYIN_杭]","这个字是杭。"
430,"杯","[PINYIN_杯]","这个字是杯。"
431,"杰","[PINYIN_杰]","这个字是杰。"
432,"板","[PINYIN_板]","这个字是板。"
433,"极","[PINYIN_极]","这个字是极。"
434,"果","[PINYIN_果]","这个字是果。"
435,"染","[PINYIN_染]","这个字是染。"
436,"柜","[PINYIN_柜]","这个字是柜。"
437,"柿","[PINYIN_柿]","这个字是柿。"
438,"标","[PINYIN_标]","这个字是标。"
439,"树","[PINYIN_树]","这个字是树。"
440,"校","[PINYIN_校]","这个字是校。"
441,"格","[PINYIN_格]","这个字是格。"
442,"案","[PINYIN_案]","这个字是案。"
443,"桌","zhuō","桌子。"
444,"梦","[PINYIN_梦]","这个字是梦。"
445,"梯","[PINYIN_梯]","这个字是梯。"
446,"检","[PINYIN_检]","这个字是检。"
447,"棉","[PINYIN_棉]","这个字是棉。"
448,"植","[PINYIN_植]","这个字是植。"
449,"楚","[PINYIN_楚]","这个字是楚。"
450,"楼","[PINYIN_楼]","这个字是楼。"
451,"概","[PINYIN_概]","这个字是概。"
452,"欢","[PINYIN_欢]","这个字是欢。"
453,"款","[PINYIN_款]","这个字是款。"
454,"歉","[PINYIN_歉]","这个字是歉。"
455,"歌","[PINYIN_歌]","这个字是歌。"
456,"正","[PINYIN_正]","这个字是正。"
457,"武","[PINYIN_武]","这个字是武。"
458,"死","[PINYIN_死]","这个字是死。"
459,"母","[PINYIN_母]","这个字是母。"
460,"每","[PINYIN_每]","这个字是每。"
461,"毛","[PINYIN_毛]","这个字是毛。"
462,"毯","[PINYIN_毯]","这个字是毯。"
463,"民","[PINYIN_民]","这个字是民。"
464,"气","[PINYIN_气]","这个字是气。"
465,"氛","[PINYIN_氛]","这个字是氛。"
466,"水","shuǐ","清水。"
467,"永","[PINYIN_永]","这个字是永。"
468,"求","[PINYIN_求]","这个字是求。"
469,"汇","[PINYIN_汇]","这个字是汇。"
470,"汉","[PINYIN_汉]","这个字是汉。"
471,"江","[PINYIN_江]","这个字是江。"
472,"池","[PINYIN_池]","这个字是池。"
473,"污","[PINYIN_污]","这个字是污。"
474,"汤","[PINYIN_汤]","这个字是汤。"
475,"没","[PINYIN_没]","这个字是没。"
476,"河","[PINYIN_河]","这个字是河。"
477,"油","[PINYIN_油]","这个字是油。"
478,"法","[PINYIN_法]","这个字是法。"
479,"注","[PINYIN_注]","这个字是注。"
480,"泰","[PINYIN_泰]","这个字是泰。"
481,"洗","[PINYIN_洗]","这个字是洗。"
482,"济","[PINYIN_济]","这个字是济。"
483,"浪","[PINYIN_浪]","这个字是浪。"
484,"海","[PINYIN_海]","这个字是海。"
485,"消","[PINYIN_消]","这个字是消。"
486,"淋","[PINYIN_淋]","这个字是淋。"
487,"清","[PINYIN_清]","这个字是清。"
488,"温","[PINYIN_温]","这个字是温。"
489,"港","[PINYIN_港]","这个字是港。"
490,"游","[PINYIN_游]","这个字是游。"
491,"湾","[PINYIN_湾]","这个字是湾。"
492,"湿","shī","很湿。"
493,"滑","[PINYIN_滑]","这个字是滑。"
494,"满","[PINYIN_满]","这个字是满。"
495,"滨","[PINYIN_滨]","这个字是滨。"
496,"漂","[PINYIN_漂]","这个字是漂。"
497,"漆","[PINYIN_漆]","这个字是漆。"
498,"漠","[PINYIN_漠]","这个字是漠。"
499,"激","[PINYIN_激]","这个字是激。"
500,"火","huǒ","大火。"
501,"灸","[PINYIN_灸]","这个字是灸。"
502,"烛","[PINYIN_烛]","这个字是烛。"
503,"烟","[PINYIN_烟]","这个字是烟。"
504,"烦","[PINYIN_烦]","这个字是烦。"
505,"热","rè","很热。"
506,"然","[PINYIN_然]","这个字是然。"
507,"熊","[PINYIN_熊]","这个字是熊。"
508,"爬","[PINYIN_爬]","这个字是爬。"
509,"父","[PINYIN_父]","这个字是父。"
510,"爽","[PINYIN_爽]","这个字是爽。"
511,"牌","[PINYIN_牌]","这个字是牌。"
512,"牛","[PINYIN_牛]","这个字是牛。"
513,"物","[PINYIN_物]","这个字是物。"
514,"猫","[PINYIN_猫]","这个字是猫。"
515,"玩","[PINYIN_玩]","这个字是玩。"
516,"环","[PINYIN_环]","这个字是环。"
517,"现","[PINYIN_现]","这个字是现。"
518,"珍","[PINYIN_珍]","这个字是珍。"
519,"班","[PINYIN_班]","这个字是班。"
520,"球","[PINYIN_球]","这个字是球。"
521,"理","[PINYIN_理]","这个字是理。"
522,"琴","[PINYIN_琴]","这个字是琴。"
523,"琵","[PINYIN_琵]","这个字是琵。"
524,"琶","[PINYIN_琶]","这个字是琶。"
525,"瓜","[PINYIN_瓜]","这个字是瓜。"
526,"瓶","[PINYIN_瓶]","这个字是瓶。"
527,"瓷","[PINYIN_瓷]","这个字是瓷。"
528,"甚","[PINYIN_甚]","这个字是甚。"
529,"生","[PINYIN_生]","这个字是生。"
530,"用","[PINYIN_用]","这个字是用。"
531,"由","[PINYIN_由]","这个字是由。"
532,"申","[PINYIN_申]","这个字是申。"
533,"电","[PINYIN_电]","这个字是电。"
534,"画","[PINYIN_画]","这个字是画。"
535,"界","[PINYIN_界]","这个字是界。"
536,"留","[PINYIN_留]","这个字是留。"
537,"白","bái","白色。"
538,"的","de","这是我的书。"
539,"盒","[PINYIN_盒]","这个字是盒。"
540,"目","[PINYIN_目]","这个字是目。"
541,"直","[PINYIN_直]","这个字是直。"
542,"相","[PINYIN_相]","这个字是相。"
543,"盹","[PINYIN_盹]","这个字是盹。"
544,"看","kàn","我看书。"
545,"真","zhēn","真的。"
546,"眼","yǎn","眼睛。"
547,"睛","[PINYIN_睛]","这个字是睛。"
548,"睡","[PINYIN_睡]","这个字是睡。"
549,"知","[PINYIN_知]","这个字是知。"
550,"矩","[PINYIN_矩]","这个字是矩。"
551,"短","duǎn","很短。"
552,"石","[PINYIN_石]","这个字是石。"
553,"码","[PINYIN_码]","这个字是码。"
554,"研","[PINYIN_研]","这个字是研。"
555,"础","[PINYIN_础]","这个字是础。"
556,"硕","[PINYIN_硕]","这个字是硕。"
557,"硬","[PINYIN_硬]","这个字是硬。"
558,"碟","[PINYIN_碟]","这个字是碟。"
559,"磁","[PINYIN_磁]","这个字是磁。"
560,"示","[PINYIN_示]","这个字是示。"
561,"礼","[PINYIN_礼]","这个字是礼。"
562,"社","[PINYIN_社]","这个字是社。"
563,"祖","[PINYIN_祖]","这个字是祖。"
564,"祝","[PINYIN_祝]","这个字是祝。"
565,"神","[PINYIN_神]","这个字是神。"
566,"祥","[PINYIN_祥]","这个字是祥。"
567,"票","[PINYIN_票]","这个字是票。"
568,"福","[PINYIN_福]","这个字是福。"
569,"离","[PINYIN_离]","这个字是离。"
570,"科","[PINYIN_科]","这个字是科。"
571,"秘","[PINYIN_秘]","这个字是秘。"
572,"租","[PINYIN_租]","这个字是租。"
573,"积","[PINYIN_积]","这个字是积。"
574,"究","[PINYIN_究]","这个字是究。"
575,"突","[PINYIN_突]","这个字是突。"
576,"窗","chuāng","窗户。"
577,"立","[PINYIN_立]","这个字是立。"
578,"站","zhàn","我站着。"
579,"章","[PINYIN_章]","这个字是章。"
580,"笃","[PINYIN_笃]","这个字是笃。"
581,"笔","bǐ","笔很新。"
582,"等","[PINYIN_等]","这个字是等。"
583,"筑","[PINYIN_筑]","这个字是筑。"
584,"筒","[PINYIN_筒]","这个字是筒。"
585,"答","[PINYIN_答]","这个字是答。"
586,"筷","[PINYIN_筷]","这个字是筷。"
587,"简","[PINYIN_简]","这个字是简。"
588,"算","[PINYIN_算]","这个字是算。"
589,"箱","[PINYIN_箱]","这个字是箱。"
590,"籍","[PINYIN_籍]","这个字是籍。"
591,"米","[PINYIN_米]","这个字是米。"
592,"精","[PINYIN_精]","这个字是精。"
593,"糕","[PINYIN_糕]","这个字是糕。"
594,"糟","[PINYIN_糟]","这个字是糟。"
595,"紧","[PINYIN_紧]","这个字是紧。"
596,"累","[PINYIN_累]","这个字是累。"
597,"繁","[PINYIN_繁]","这个字是繁。"
598,"纠","[PINYIN_纠]","这个字是纠。"
599,"红","hóng","红色。"
600,"约","[PINYIN_约]","这个字是约。"
601,"线","[PINYIN_线]","这个字是线。"
602,"练","[PINYIN_练]","这个字是练。"
603,"组","[PINYIN_组]","这个字是组。"
604,"织","[PINYIN_织]","这个字是织。"
605,"终","[PINYIN_终]","这个字是终。"
606,"绍","[PINYIN_绍]","这个字是绍。"
607,"经","[PINYIN_经]","这个字是经。"
608,"给","[PINYIN_给]","这个字是给。"
609,"统","[PINYIN_统]","这个字是统。"
610,"继","[PINYIN_继]","这个字是继。"
611,"续","[PINYIN_续]","这个字是续。"
612,"绸","[PINYIN_绸]","这个字是绸。"
613,"绿","lǜ","绿色。"
614,"缆","[PINYIN_缆]","这个字是缆。"
615,"置","[PINYIN_置]","这个字是置。"
616,"羊","[PINYIN_羊]","这个字是羊。"
617,"美","[PINYIN_美]","这个字是美。"
618,"翻","[PINYIN_翻]","这个字是翻。"
619,"老","lǎo","老人。"
620,"考","[PINYIN_考]","这个字是考。"
621,"而","[PINYIN_而]","这个字是而。"
622,"耳","ěr","耳朵。"
623,"联","[PINYIN_联]","这个字是联。"
624,"聪","[PINYIN_聪]","这个字是聪。"
625,"肉","[PINYIN_肉]","肉很香。"
626,"肚","[PINYIN_肚]","这个字是肚。"
627,"肯","[PINYIN_肯]","这个字是肯。"
628,"胜","[PINYIN_胜]","这个字是胜。"
629,"胡","[PINYIN_胡]","这个字是胡。"
630,"胶","[PINYIN_胶]","这个字是胶。"
631,"能","néng","我能。"
632,"脑","[PINYIN_脑]","这个字是脑。"
633,"腐","[PINYIN_腐]","这个字是腐。"
634,"腰","[PINYIN_腰]","这个字是腰。"
635,"自","[PINYIN_自]","这个字是自。"
636,"舒","[PINYIN_舒]","这个字是舒。"
637,"航","[PINYIN_航]","这个字是航。"
638,"般","[PINYIN_般]","这个字是般。"
639,"色","[PINYIN_色]","这个字是色。"
640,"艺","[PINYIN_艺]","这个字是艺。"
641,"芦","[PINYIN_芦]","这个字是芦。"
642,"英","[PINYIN_英]","这个字是英。"
643,"草","[PINYIN_草]","这个字是草。"
644,"营","[PINYIN_营]","这个字是营。"
645,"葫","[PINYIN_葫]","这个字是葫。"
646,"薯","[PINYIN_薯]","这个字是薯。"
647,"虎","[PINYIN_虎]","这个字是虎。"
648,"蛋","[PINYIN_蛋]","蛋很新鲜。"
649,"蜜","[PINYIN_蜜]","这个字是蜜。"
650,"蜡","[PINYIN_蜡]","这个字是蜡。"
651,"行","[PINYIN_行]","这个字是行。"
652,"街","[PINYIN_街]","这个字是街。"
653,"衣","[PINYIN_衣]","这个字是衣。"
654,"衫","[PINYIN_衫]","这个字是衫。"
655,"衬","[PINYIN_衬]","这个字是衬。"
656,"袋","[PINYIN_袋]","这个字是袋。"
657,"裙","[PINYIN_裙]","这个字是裙。"
658,"裤","[PINYIN_裤]","这个字是裤。"
659,"裹","[PINYIN_裹]","这个字是裹。"
660,"西","xī","西方。"
661,"要","yào","我要学习。"
662,"见","[PINYIN_见]","这个字是见。"
663,"观","[PINYIN_观]","这个字是观。"
664,"规","[PINYIN_规]","这个字是规。"
665,"视","[PINYIN_视]","这个字是视。"
666,"览","[PINYIN_览]","这个字是览。"
667,"觉","[PINYIN_觉]","这个字是觉。"
668,"解","[PINYIN_解]","这个字是解。"
669,"警","[PINYIN_警]","这个字是警。"
670,"计","[PINYIN_计]","这个字是计。"
671,"认","[PINYIN_认]","这个字是认。"
672,"讨","[PINYIN_讨]","这个字是讨。"
673,"议","[PINYIN_议]","这个字是议。"
674,"许","[PINYIN_许]","这个字是许。"
675,"论","[PINYIN_论]","这个字是论。"
676,"访","[PINYIN_访]","这个字是访。"
677,"证","[PINYIN_证]","这个字是证。"
678,"识","[PINYIN_识]","这个字是识。"
679,"诉","[PINYIN_诉]","这个字是诉。"
680,"词","[PINYIN_词]","这个字是词。"
681,"译","[PINYIN_译]","这个字是译。"
682,"试","[PINYIN_试]","这个字是试。"
683,"语","[PINYIN_语]","这个字是语。"
684,"误","[PINYIN_误]","这个字是误。"
685,"说","shuō","我说中文。"
686,"请","[PINYIN_请]","这个字是请。"
687,"读","[PINYIN_读]","这个字是读。"
688,"课","[PINYIN_课]","这个字是课。"
689,"谁","shéi","你是谁？"
690,"调","[PINYIN_调]","这个字是调。"
691,"谅","[PINYIN_谅]","这个字是谅。"
692,"谈","[PINYIN_谈]","这个字是谈。"
693,"谊","[PINYIN_谊]","这个字是谊。"
694,"谎","[PINYIN_谎]","这个字是谎。"
695,"谐","[PINYIN_谐]","这个字是谐。"
696,"谢","[PINYIN_谢]","这个字是谢。"
697,"谱","[PINYIN_谱]","这个字是谱。"
698,"豆","[PINYIN_豆]","这个字是豆。"
699,"象","[PINYIN_象]","这个字是象。"
700,"财","[PINYIN_财]","这个字是财。"
701,"质","[PINYIN_质]","这个字是质。"
702,"贵","[PINYIN_贵]","这个字是贵。"
703,"费","[PINYIN_费]","这个字是费。"
704,"资","[PINYIN_资]","这个字是资。"
705,"赛","[PINYIN_赛]","这个字是赛。"
706,"赢","[PINYIN_赢]","这个字是赢。"
707,"走","zǒu","我走路。"
708,"越","[PINYIN_越]","这个字是越。"
709,"趣","[PINYIN_趣]","这个字是趣。"
710,"跑","pǎo","我跑步。"
711,"距","[PINYIN_距]","这个字是距。"
712,"跤","[PINYIN_跤]","这个字是跤。"
713,"路","[PINYIN_路]","这个字是路。"
714,"踩","[PINYIN_踩]","这个字是踩。"
715,"身","shēn","身体。"
716,"车","chē","车很快。"
717,"转","[PINYIN_转]","这个字是转。"
718,"软","[PINYIN_软]","这个字是软。"
719,"轻","[PINYIN_轻]","这个字是轻。"
720,"较","[PINYIN_较]","这个字是较。"
721,"辆","[PINYIN_辆]","这个字是辆。"
722,"辈","[PINYIN_辈]","这个字是辈。"
723,"辛","[PINYIN_辛]","这个字是辛。"
724,"边","biān","旁边。"
725,"达","[PINYIN_达]","这个字是达。"
726,"迅","[PINYIN_迅]","这个字是迅。"
727,"迎","[PINYIN_迎]","这个字是迎。"
728,"运","[PINYIN_运]","这个字是运。"
729,"近","[PINYIN_近]","这个字是近。"
730,"这","zhè","这是书。"
731,"进","jìn","我进来。"
732,"远","[PINYIN_远]","这个字是远。"
733,"连","[PINYIN_连]","这个字是连。"
734,"迟","[PINYIN_迟]","这个字是迟。"
735,"迹","[PINYIN_迹]","这个字是迹。"
736,"适","[PINYIN_适]","这个字是适。"
737,"选","[PINYIN_选]","这个字是选。"
738,"造","[PINYIN_造]","这个字是造。"
739,"遇","[PINYIN_遇]","这个字是遇。"
740,"遍","[PINYIN_遍]","这个字是遍。"
741,"道","[PINYIN_道]","这个字是道。"
742,"遗","[PINYIN_遗]","这个字是遗。"
743,"遥","[PINYIN_遥]","这个字是遥。"
744,"遵","[PINYIN_遵]","这个字是遵。"
745,"避","[PINYIN_避]","这个字是避。"
746,"邀","[PINYIN_邀]","这个字是邀。"
747,"那","nà","那是笔。"
748,"邮","[PINYIN_邮]","这个字是邮。"
749,"郎","[PINYIN_郎]","这个字是郎。"
750,"部","[PINYIN_部]","这个字是部。"
751,"都","dōu","我们都去。"
752,"酒","[PINYIN_酒]","这个字是酒。"
753,"醋","[PINYIN_醋]","这个字是醋。"
754,"里","lǐ","里面。"
755,"重","[PINYIN_重]","这个字是重。"
756,"野","[PINYIN_野]","这个字是野。"
757,"量","[PINYIN_量]","这个字是量。"
758,"针","[PINYIN_针]","这个字是针。"
759,"钟","[PINYIN_钟]","这个字是钟。"
760,"钢","[PINYIN_钢]","这个字是钢。"
761,"钥","[PINYIN_钥]","这个字是钥。"
762,"钱","qián","我有钱。"
763,"铁","[PINYIN_铁]","这个字是铁。"
764,"银","[PINYIN_银]","这个字是银。"
765,"链","[PINYIN_链]","这个字是链。"
766,"镜","[PINYIN_镜]","这个字是镜。"
767,"间","[PINYIN_间]","这个字是间。"
768,"闹","[PINYIN_闹]","这个字是闹。"
769,"阅","[PINYIN_阅]","这个字是阅。"
770,"阿","[PINYIN_阿]","这个字是阿。"
771,"际","[PINYIN_际]","这个字是际。"
772,"院","[PINYIN_院]","这个字是院。"
773,"除","[PINYIN_除]","这个字是除。"
774,"险","[PINYIN_险]","这个字是险。"
775,"随","[PINYIN_随]","这个字是随。"
776,"障","[PINYIN_障]","这个字是障。"
777,"集","[PINYIN_集]","这个字是集。"
778,"雕","[PINYIN_雕]","这个字是雕。"
779,"零","[PINYIN_零]","这个字是零。"
780,"需","[PINYIN_需]","这个字是需。"
781,"霉","[PINYIN_霉]","这个字是霉。"
782,"青","[PINYIN_青]","这个字是青。"
783,"静","[PINYIN_静]","这个字是静。"
784,"非","[PINYIN_非]","这个字是非。"
785,"面","miàn","见面。"
786,"革","[PINYIN_革]","这个字是革。"
787,"鞋","[PINYIN_鞋]","这个字是鞋。"
788,"音","[PINYIN_音]","这个字是音。"
789,"顶","[PINYIN_顶]","这个字是顶。"
790,"项","[PINYIN_项]","这个字是项。"
791,"顾","[PINYIN_顾]","这个字是顾。"
792,"预","[PINYIN_预]","这个字是预。"
793,"领","[PINYIN_领]","这个字是领。"
794,"颐","[PINYIN_颐]","这个字是颐。"
795,"频","[PINYIN_频]","这个字是频。"
796,"题","[PINYIN_题]","这个字是题。"
797,"颜","[PINYIN_颜]","这个字是颜。"
798,"风","[PINYIN_风]","这个字是风。"
799,"食","[PINYIN_食]","这个字是食。"
800,"餐","[PINYIN_餐]","这个字是餐。"
801,"饭","[PINYIN_饭]","这个字是饭。"
802,"饰","[PINYIN_饰]","这个字是饰。"
803,"饼","[PINYIN_饼]","这个字是饼。"
804,"馆","[PINYIN_馆]","这个字是馆。"
805,"首","[PINYIN_首]","这个字是首。"
806,"马","[PINYIN_马]","这个字是马。"
807,"驾","[PINYIN_驾]","这个字是驾。"
808,"骄","[PINYIN_骄]","这个字是骄。"
809,"骑","[PINYIN_骑]","这个字是骑。"
810,"骨","[PINYIN_骨]","这个字是骨。"
811,"鱼","[PINYIN_鱼]","鱼很新鲜。"
812,"鲁","[PINYIN_鲁]","这个字是鲁。"
813,"鲜","[PINYIN_鲜]","这个字是鲜。"
814,"鸡","[PINYIN_鸡]","鸡很香。"
815,"鸭","[PINYIN_鸭]","鸭很好吃。"
816,"麦","[PINYIN_麦]","这个字是麦。"
817,"麻","[PINYIN_麻]","这个字是麻。"
818,"黄","huáng","黄色。"
819,"黎","[PINYIN_黎]","这个字是黎。"
820,"鼻","bí","鼻子。"
821,"齐","[PINYIN_齐]","这个字是齐。"
822,"龄","[PINYIN_龄]","这个字是龄。"
