Character,Pinyin,Sentence,SentencePinyin
一,yī,"一是一。","yi shi yi 。"
七,qī,"七是七。","qi shi qi 。"
三,sān,"三是三。","san shi san 。"
不,bù,"我不去。","wo bu qu 。"
专,zhuan,"这个字是专。","zhe ge zi shi zhuan 。"
且,qie,"这个字是且。","zhe ge zi shi qie 。"
世,shi,"这个字是世。","zhe ge zi shi shi 。"
业,ye,"这个字是业。","zhe ge zi shi ye 。"
东,dōng,"东方。","dong fang 。"
丝,si,"这个字是丝。","zhe ge zi shi si 。"
两,liang,"这个字是两。","zhe ge zi shi liang 。"
个,gè,"一个人。","yi ge ren 。"
丰,feng,"这个字是丰。","zhe ge zi shi feng 。"
临,lin,"这个字是临。","zhe ge zi shi lin 。"
为,wei,"这个字是为。","zhe ge zi shi wei 。"
主,zhu,"这个字是主。","zhe ge zi shi zhu 。"
丽,li,"这个字是丽。","zhe ge zi shi li 。"
久,jiu,"这个字是久。","zhe ge zi shi jiu 。"
么,me,"这个字是么。","zhe ge zi shi me 。"
之,zhi,"这个字是之。","zhe ge zi shi zhi 。"
乐,le,"这个字是乐。","zhe ge zi shi le 。"
九,jiǔ,"九是九。","jiu shi jiu 。"
也,yě,"我也去。","wo ye qu 。"
习,xi,"这个字是习。","zhe ge zi shi xi 。"
乡,xiang,"这个字是乡。","zhe ge zi shi xiang 。"
买,mǎi,"我买东西。","wo mai dong xi 。"
争,zheng,"这个字是争。","zhe ge zi shi zheng 。"
事,shi,"这个字是事。","zhe ge zi shi shi 。"
二,èr,"二是二。","er shi er 。"
于,yu,"这个字是于。","zhe ge zi shi yu 。"
互,hu,"这个字是互。","zhe ge zi shi hu 。"
五,wǔ,"五是五。","wu shi wu 。"
些,xiē,"这些是书。","zhe xie shi shu 。"
交,jiao,"这个字是交。","zhe ge zi shi jiao 。"
产,chan,"这个字是产。","zhe ge zi shi chan 。"
京,jing,"这个字是京。","zhe ge zi shi jing 。"
亮,liang,"这个字是亮。","zhe ge zi shi liang 。"
亲,qin,"这个字是亲。","zhe ge zi shi qin 。"
人,rén,"我是人。","wo shi ren 。"
什,shen,"这个字是什。","zhe ge zi shi shen 。"
仅,jin,"这个字是仅。","zhe ge zi shi jin 。"
今,jin,"这个字是今。","zhe ge zi shi jin 。"
介,jie,"这个字是介。","zhe ge zi shi jie 。"
从,cong,"这个字是从。","zhe ge zi shi cong 。"
仔,zai,"这个字是仔。","zhe ge zi shi zai 。"
他,tā,"他是老师。","ta shi lao shi 。"
仙,xian,"这个字是仙。","zhe ge zi shi xian 。"
代,dai,"这个字是代。","zhe ge zi shi dai 。"
以,yi,"这个字是以。","zhe ge zi shi yi 。"
们,men,"我们很好。","wo men hen hao 。"
件,jian,"这个字是件。","zhe ge zi shi jian 。"
价,jia,"这个字是价。","zhe ge zi shi jia 。"
任,ren,"这个字是任。","zhe ge zi shi ren 。"
份,fen,"这个字是份。","zhe ge zi shi fen 。"
企,qi,"这个字是企。","zhe ge zi shi qi 。"
休,xiu,"这个字是休。","zhe ge zi shi xiu 。"
优,you,"这个字是优。","zhe ge zi shi you 。"
伙,huo,"这个字是伙。","zhe ge zi shi huo 。"
会,huì,"我会说中文。","wo hui shuo zhong wen 。"
伟,wei,"这个字是伟。","zhe ge zi shi wei 。"
传,chuan,"这个字是传。","zhe ge zi shi chuan 。"
似,si,"这个字是似。","zhe ge zi shi si 。"
但,dan,"这个字是但。","zhe ge zi shi dan 。"
位,wei,"这个字是位。","zhe ge zi shi wei 。"
住,zhù,"我住这里。","wo zhu zhe li 。"
体,ti,"这个字是体。","zhe ge zi shi ti 。"
何,he,"这个字是何。","zhe ge zi shi he 。"
作,zuo,"这个字是作。","zhe ge zi shi zuo 。"
你,nǐ,"你好吗？","ni hao ma ？"
使,shi,"这个字是使。","zhe ge zi shi shi 。"
供,gong,"这个字是供。","zhe ge zi shi gong 。"
便,bian,"这个字是便。","zhe ge zi shi bian 。"
俑,yong,"这个字是俑。","zhe ge zi shi yong 。"
俗,su,"这个字是俗。","zhe ge zi shi su 。"
保,bao,"这个字是保。","zhe ge zi shi bao 。"
信,xin,"这个字是信。","zhe ge zi shi xin 。"
候,hou,"这个字是候。","zhe ge zi shi hou 。"
假,jiǎ,"假的。","jia de 。"
健,jian,"这个字是健。","zhe ge zi shi jian 。"
傅,fu,"这个字是傅。","zhe ge zi shi fu 。"
傲,ao,"这个字是傲。","zhe ge zi shi ao 。"
像,xiang,"这个字是像。","zhe ge zi shi xiang 。"
儿,er,"这个字是儿。","zhe ge zi shi er 。"
元,yuan,"这个字是元。","zhe ge zi shi yuan 。"
兑,dui,"这个字是兑。","zhe ge zi shi dui 。"
全,quan,"这个字是全。","zhe ge zi shi quan 。"
八,ba,"这个字是八。","zhe ge zi shi ba 。"
公,gong,"这个字是公。","zhe ge zi shi gong 。"
关,guan,"这个字是关。","zhe ge zi shi guan 。"
兴,xing,"这个字是兴。","zhe ge zi shi xing 。"
兵,bing,"这个字是兵。","zhe ge zi shi bing 。"
其,qi,"这个字是其。","zhe ge zi shi qi 。"
典,dian,"这个字是典。","zhe ge zi shi dian 。"
再,zai,"这个字是再。","zhe ge zi shi zai 。"
冒,mao,"这个字是冒。","zhe ge zi shi mao 。"
写,xie,"这个字是写。","zhe ge zi shi xie 。"
农,nong,"这个字是农。","zhe ge zi shi nong 。"
冬,dong,"这个字是冬。","zhe ge zi shi dong 。"
冰,bing,"这个字是冰。","zhe ge zi shi bing 。"
决,jue,"这个字是决。","zhe ge zi shi jue 。"
况,kuang,"这个字是况。","zhe ge zi shi kuang 。"
准,zhun,"这个字是准。","zhe ge zi shi zhun 。"
几,ji,"这个字是几。","zhe ge zi shi ji 。"
出,chū,"我出去。","wo chu qu 。"
划,hua,"这个字是划。","zhe ge zi shi hua 。"
列,lie,"这个字是列。","zhe ge zi shi lie 。"
则,ze,"这个字是则。","zhe ge zi shi ze 。"
刚,gang,"这个字是刚。","zhe ge zi shi gang 。"
利,li,"这个字是利。","zhe ge zi shi li 。"
别,bie,"这个字是别。","zhe ge zi shi bie 。"
到,dào,"我到了。","wo dao le 。"
前,qián,"前面。","qian mian 。"
剧,ju,"这个字是剧。","zhe ge zi shi ju 。"
力,li,"这个字是力。","zhe ge zi shi li 。"
功,gong,"这个字是功。","zhe ge zi shi gong 。"
务,wu,"这个字是务。","zhe ge zi shi wu 。"
助,zhu,"这个字是助。","zhe ge zi shi zhu 。"
努,nu,"这个字是努。","zhe ge zi shi nu 。"
劳,lao,"这个字是劳。","zhe ge zi shi lao 。"
包,bao,"这个字是包。","zhe ge zi shi bao 。"
化,hua,"这个字是化。","zhe ge zi shi hua 。"
北,běi,"北方。","bei fang 。"
匙,chi,"这个字是匙。","zhe ge zi shi chi 。"
医,yi,"这个字是医。","zhe ge zi shi yi 。"
十,shí,"十是十。","shi shi shi 。"
午,wu,"这个字是午。","zhe ge zi shi wu 。"
半,ban,"这个字是半。","zhe ge zi shi ban 。"
协,xie,"这个字是协。","zhe ge zi shi xie 。"
南,nán,"南方。","nan fang 。"
博,bo,"这个字是博。","zhe ge zi shi bo 。"
卡,ka,"这个字是卡。","zhe ge zi shi ka 。"
卦,gua,"这个字是卦。","zhe ge zi shi gua 。"
卧,wo,"这个字是卧。","zhe ge zi shi wo 。"
卫,wei,"这个字是卫。","zhe ge zi shi wei 。"
印,yin,"这个字是印。","zhe ge zi shi yin 。"
危,wei,"这个字是危。","zhe ge zi shi wei 。"
即,ji,"这个字是即。","zhe ge zi shi ji 。"
卷,juan,"这个字是卷。","zhe ge zi shi juan 。"
厂,chang,"这个字是厂。","zhe ge zi shi chang 。"
历,li,"这个字是历。","zhe ge zi shi li 。"
原,yuan,"这个字是原。","zhe ge zi shi yuan 。"
去,qù,"我去学校。","wo qu xue xiao 。"
参,can,"这个字是参。","zhe ge zi shi can 。"
及,ji,"这个字是及。","zhe ge zi shi ji 。"
友,you,"这个字是友。","zhe ge zi shi you 。"
反,fan,"这个字是反。","zhe ge zi shi fan 。"
发,fa,"这个字是发。","zhe ge zi shi fa 。"
叔,shu,"这个字是叔。","zhe ge zi shi shu 。"
口,kǒu,"口很渴。","kou hen ke 。"
古,gu,"这个字是古。","zhe ge zi shi gu 。"
另,ling,"这个字是另。","zhe ge zi shi ling 。"
史,shi,"这个字是史。","zhe ge zi shi shi 。"
右,yòu,"右边。","you bian 。"
叶,ye,"这个字是叶。","zhe ge zi shi ye 。"
号,hao,"这个字是号。","zhe ge zi shi hao 。"
司,si,"这个字是司。","zhe ge zi shi si 。"
吃,chī,"我吃饭。","wo chi fan 。"
各,ge,"这个字是各。","zhe ge zi shi ge 。"
合,he,"这个字是合。","zhe ge zi shi he 。"
吉,ji,"这个字是吉。","zhe ge zi shi ji 。"
同,tong,"这个字是同。","zhe ge zi shi tong 。"
名,ming,"这个字是名。","zhe ge zi shi ming 。"
后,hòu,"后面。","hou mian 。"
吗,ma,"好吗？","hao ma ？"
吧,ba,"好吧。","hao ba 。"
听,tīng,"我听音乐。","wo ting yin yue 。"
吸,xi,"这个字是吸。","zhe ge zi shi xi 。"
呀,ya,"好呀。","hao ya 。"
告,gao,"这个字是告。","zhe ge zi shi gao 。"
员,yuan,"这个字是员。","zhe ge zi shi yuan 。"
呢,ne,"你呢？","ni ne ？"
命,ming,"这个字是命。","zhe ge zi shi ming 。"
和,hé,"我和你。","wo he ni 。"
咖,ka,"这个字是咖。","zhe ge zi shi ka 。"
咱,zan,"这个字是咱。","zhe ge zi shi zan 。"
品,pin,"这个字是品。","zhe ge zi shi pin 。"
哈,hā,"哈哈。","ha ha 。"
响,xiang,"这个字是响。","zhe ge zi shi xiang 。"
哎,ai,"这个字是哎。","zhe ge zi shi ai 。"
哥,ge,"这个字是哥。","zhe ge zi shi ge 。"
哪,na,"这个字是哪。","zhe ge zi shi na 。"
哲,zhe,"这个字是哲。","zhe ge zi shi zhe 。"
唱,chang,"这个字是唱。","zhe ge zi shi chang 。"
商,shang,"这个字是商。","zhe ge zi shi shang 。"
啡,fei,"这个字是啡。","zhe ge zi shi fei 。"
喘,chuan,"这个字是喘。","zhe ge zi shi chuan 。"
嗽,sou,"这个字是嗽。","zhe ge zi shi sou 。"
嘴,zui,"这个字是嘴。","zhe ge zi shi zui 。"
器,qi,"这个字是器。","zhe ge zi shi qi 。"
四,si,"这个字是四。","zhe ge zi shi si 。"
回,huí,"我回家。","wo hui jia 。"
因,yin,"这个字是因。","zhe ge zi shi yin 。"
团,tuan,"这个字是团。","zhe ge zi shi tuan 。"
园,yuan,"这个字是园。","zhe ge zi shi yuan 。"
困,kun,"这个字是困。","zhe ge zi shi kun 。"
国,guo,"这个字是国。","zhe ge zi shi guo 。"
图,tu,"这个字是图。","zhe ge zi shi tu 。"
圈,quan,"这个字是圈。","zhe ge zi shi quan 。"
土,tǔ,"土地。","tu di 。"
在,zài,"我在家。","wo zai jia 。"
场,chang,"这个字是场。","zhe ge zi shi chang 。"
圾,ji,"这个字是圾。","zhe ge zi shi ji 。"
址,zhi,"这个字是址。","zhe ge zi shi zhi 。"
均,jun,"这个字是均。","zhe ge zi shi jun 。"
坐,zuò,"我坐车。","wo zuo che 。"
块,kuai,"这个字是块。","zhe ge zi shi kuai 。"
坚,jian,"这个字是坚。","zhe ge zi shi jian 。"
垃,la,"这个字是垃。","zhe ge zi shi la 。"
基,ji,"这个字是基。","zhe ge zi shi ji 。"
堂,tang,"这个字是堂。","zhe ge zi shi tang 。"
堵,du,"这个字是堵。","zhe ge zi shi du 。"
境,jing,"这个字是境。","zhe ge zi shi jing 。"
墙,qiang,"这个字是墙。","zhe ge zi shi qiang 。"
增,zeng,"这个字是增。","zhe ge zi shi zeng 。"
壁,bi,"这个字是壁。","zhe ge zi shi bi 。"
士,shi,"这个字是士。","zhe ge zi shi shi 。"
处,chu,"这个字是处。","zhe ge zi shi chu 。"
备,bei,"这个字是备。","zhe ge zi shi bei 。"
复,fu,"这个字是复。","zhe ge zi shi fu 。"
外,wài,"外面。","wai mian 。"
多,duō,"很多书。","hen duo shu 。"
天,tiān,"今天。","jin tian 。"
太,tai,"这个字是太。","zhe ge zi shi tai 。"
夫,fu,"这个字是夫。","zhe ge zi shi fu 。"
失,shi,"这个字是失。","zhe ge zi shi shi 。"
头,tóu,"头发。","tou fa 。"
奇,qi,"这个字是奇。","zhe ge zi shi qi 。"
奏,zou,"这个字是奏。","zhe ge zi shi zou 。"
奖,jiang,"这个字是奖。","zhe ge zi shi jiang 。"
女,nü,"这个字是女。","zhe ge zi shi nü 。"
奶,nai,"这个字是奶。","zhe ge zi shi nai 。"
她,tā,"她是医生。","ta shi yi sheng 。"
好,hǎo,"你好。","ni hao 。"
如,ru,"这个字是如。","zhe ge zi shi ru 。"
妈,ma,"这个字是妈。","zhe ge zi shi ma 。"
妹,mei,"这个字是妹。","zhe ge zi shi mei 。"
妻,qi,"这个字是妻。","zhe ge zi shi qi 。"
始,shi,"这个字是始。","zhe ge zi shi shi 。"
姐,jie,"这个字是姐。","zhe ge zi shi jie 。"
姓,xing,"这个字是姓。","zhe ge zi shi xing 。"
姨,yi,"这个字是姨。","zhe ge zi shi yi 。"
娘,niang,"这个字是娘。","zhe ge zi shi niang 。"
婆,po,"这个字是婆。","zhe ge zi shi po 。"
婚,hun,"这个字是婚。","zhe ge zi shi hun 。"
子,zi,"这个字是子。","zhe ge zi shi zi 。"
孔,kong,"这个字是孔。","zhe ge zi shi kong 。"
字,zi,"这个字是字。","zhe ge zi shi zi 。"
孟,meng,"这个字是孟。","zhe ge zi shi meng 。"
季,ji,"这个字是季。","zhe ge zi shi ji 。"
学,xué,"我学习。","wo xue xi 。"
孩,hai,"这个字是孩。","zhe ge zi shi hai 。"
宅,zhai,"这个字是宅。","zhe ge zi shi zhai 。"
守,shou,"这个字是守。","zhe ge zi shi shou 。"
安,an,"这个字是安。","zhe ge zi shi an 。"
定,ding,"这个字是定。","zhe ge zi shi ding 。"
宝,bao,"这个字是宝。","zhe ge zi shi bao 。"
实,shi,"这个字是实。","zhe ge zi shi shi 。"
客,ke,"这个字是客。","zhe ge zi shi ke 。"
室,shi,"这个字是室。","zhe ge zi shi shi 。"
宫,gong,"这个字是宫。","zhe ge zi shi gong 。"
宴,yan,"这个字是宴。","zhe ge zi shi yan 。"
宵,xiao,"这个字是宵。","zhe ge zi shi xiao 。"
家,jiā,"我家。","wo jia 。"
容,rong,"这个字是容。","zhe ge zi shi rong 。"
宾,bin,"这个字是宾。","zhe ge zi shi bin 。"
宿,su,"这个字是宿。","zhe ge zi shi su 。"
密,mi,"这个字是密。","zhe ge zi shi mi 。"
富,fu,"这个字是富。","zhe ge zi shi fu 。"
寒,han,"这个字是寒。","zhe ge zi shi han 。"
察,cha,"这个字是察。","zhe ge zi shi cha 。"
导,dao,"这个字是导。","zhe ge zi shi dao 。"
将,jiang,"这个字是将。","zhe ge zi shi jiang 。"
尊,zun,"这个字是尊。","zhe ge zi shi zun 。"
小,xiǎo,"很小。","hen xiao 。"
尔,er,"这个字是尔。","zhe ge zi shi er 。"
尘,chen,"这个字是尘。","zhe ge zi shi chen 。"
尤,you,"这个字是尤。","zhe ge zi shi you 。"
就,jiù,"我就来。","wo jiu lai 。"
尽,jin,"这个字是尽。","zhe ge zi shi jin 。"
局,ju,"这个字是局。","zhe ge zi shi ju 。"
屉,ti,"这个字是屉。","zhe ge zi shi ti 。"
展,zhan,"这个字是展。","zhe ge zi shi zhan 。"
山,shān,"高山。","gao shan 。"
岁,sui,"这个字是岁。","zhe ge zi shi sui 。"
岛,dao,"这个字是岛。","zhe ge zi shi dao 。"
州,zhou,"这个字是州。","zhe ge zi shi zhou 。"
工,gong,"这个字是工。","zhe ge zi shi gong 。"
左,zuǒ,"左边。","zuo bian 。"
巧,qiao,"这个字是巧。","zhe ge zi shi qiao 。"
差,cha,"这个字是差。","zhe ge zi shi cha 。"
己,ji,"这个字是己。","zhe ge zi shi ji 。"
已,yi,"这个字是已。","zhe ge zi shi yi 。"
巴,ba,"这个字是巴。","zhe ge zi shi ba 。"
币,bi,"这个字是币。","zhe ge zi shi bi 。"
市,shi,"这个字是市。","zhe ge zi shi shi 。"
帅,shuai,"这个字是帅。","zhe ge zi shi shuai 。"
师,shi,"这个字是师。","zhe ge zi shi shi 。"
希,xi,"这个字是希。","zhe ge zi shi xi 。"
帮,bang,"这个字是帮。","zhe ge zi shi bang 。"
常,chang,"这个字是常。","zhe ge zi shi chang 。"
帽,mao,"这个字是帽。","zhe ge zi shi mao 。"
幕,mu,"这个字是幕。","zhe ge zi shi mu 。"
平,ping,"这个字是平。","zhe ge zi shi ping 。"
并,bing,"这个字是并。","zhe ge zi shi bing 。"
幸,xing,"这个字是幸。","zhe ge zi shi xing 。"
广,guang,"这个字是广。","zhe ge zi shi guang 。"
床,chuáng,"床很舒服。","chuang hen shu fu 。"
底,di,"这个字是底。","zhe ge zi shi di 。"
店,dian,"这个字是店。","zhe ge zi shi dian 。"
座,zuo,"这个字是座。","zhe ge zi shi zuo 。"
庭,ting,"这个字是庭。","zhe ge zi shi ting 。"
康,kang,"这个字是康。","zhe ge zi shi kang 。"
延,yan,"这个字是延。","zhe ge zi shi yan 。"
式,shi,"这个字是式。","zhe ge zi shi shi 。"
引,yin,"这个字是引。","zhe ge zi shi yin 。"
弟,di,"这个字是弟。","zhe ge zi shi di 。"
张,zhāng,"一张纸。","yi zhang zhi 。"
弯,wan,"这个字是弯。","zhe ge zi shi wan 。"
录,lu,"这个字是录。","zhe ge zi shi lu 。"
彩,cai,"这个字是彩。","zhe ge zi shi cai 。"
影,ying,"这个字是影。","zhe ge zi shi ying 。"
往,wang,"这个字是往。","zhe ge zi shi wang 。"
很,hěn,"很好。","hen hao 。"
微,wei,"这个字是微。","zhe ge zi shi wei 。"
志,zhi,"这个字是志。","zhe ge zi shi zhi 。"
忙,mang,"这个字是忙。","zhe ge zi shi mang 。"
快,kuài,"很快。","hen kuai 。"
态,tai,"这个字是态。","zhe ge zi shi tai 。"
怎,zen,"这个字是怎。","zhe ge zi shi zen 。"
思,si,"这个字是思。","zhe ge zi shi si 。"
性,xing,"这个字是性。","zhe ge zi shi xing 。"
怪,guai,"这个字是怪。","zhe ge zi shi guai 。"
总,zong,"这个字是总。","zhe ge zi shi zong 。"
恐,kong,"这个字是恐。","zhe ge zi shi kong 。"
恤,xu,"这个字是恤。","zhe ge zi shi xu 。"
息,xi,"这个字是息。","zhe ge zi shi xi 。"
恼,nao,"这个字是恼。","zhe ge zi shi nao 。"
悔,hui,"这个字是悔。","zhe ge zi shi hui 。"
您,nin,"这个字是您。","zhe ge zi shi nin 。"
情,qing,"这个字是情。","zhe ge zi shi qing 。"
惜,xi,"这个字是惜。","zhe ge zi shi xi 。"
想,xiǎng,"我想你。","wo xiang ni 。"
愉,yu,"这个字是愉。","zhe ge zi shi yu 。"
意,yi,"这个字是意。","zhe ge zi shi yi 。"
感,gan,"这个字是感。","zhe ge zi shi gan 。"
愿,yuan,"这个字是愿。","zhe ge zi shi yuan 。"
慈,ci,"这个字是慈。","zhe ge zi shi ci 。"
慢,màn,"很慢。","hen man 。"
憾,han,"这个字是憾。","zhe ge zi shi han 。"
成,cheng,"这个字是成。","zhe ge zi shi cheng 。"
我,wǒ,"我是学生。","wo shi xue sheng 。"
戒,jie,"这个字是戒。","zhe ge zi shi jie 。"
或,huò,"你或我。","ni huo wo 。"
户,hu,"这个字是户。","zhe ge zi shi hu 。"
房,fáng,"房子。","fang zi 。"
所,suo,"这个字是所。","zhe ge zi shi suo 。"
才,cai,"这个字是才。","zhe ge zi shi cai 。"
扎,zha,"这个字是扎。","zhe ge zi shi zha 。"
打,da,"这个字是打。","zhe ge zi shi da 。"
托,tuo,"这个字是托。","zhe ge zi shi tuo 。"
扫,sao,"这个字是扫。","zhe ge zi shi sao 。"
扮,ban,"这个字是扮。","zhe ge zi shi ban 。"
找,zhao,"这个字是找。","zhe ge zi shi zhao 。"
技,ji,"这个字是技。","zhe ge zi shi ji 。"
折,zhe,"这个字是折。","zhe ge zi shi zhe 。"
护,hu,"这个字是护。","zhe ge zi shi hu 。"
报,bao,"这个字是报。","zhe ge zi shi bao 。"
担,dan,"这个字是担。","zhe ge zi shi dan 。"
拥,yong,"这个字是拥。","zhe ge zi shi yong 。"
括,kuo,"这个字是括。","zhe ge zi shi kuo 。"
持,chi,"这个字是持。","zhe ge zi shi chi 。"
换,huan,"这个字是换。","zhe ge zi shi huan 。"
据,ju,"这个字是据。","zhe ge zi shi ju 。"
掌,zhang,"这个字是掌。","zhe ge zi shi zhang 。"
接,jie,"这个字是接。","zhe ge zi shi jie 。"
握,wo,"这个字是握。","zhe ge zi shi wo 。"
摄,she,"这个字是摄。","zhe ge zi shi she 。"
摇,yao,"这个字是摇。","zhe ge zi shi yao 。"
摩,mo,"这个字是摩。","zhe ge zi shi mo 。"
播,bo,"这个字是播。","zhe ge zi shi bo 。"
政,zheng,"这个字是政。","zhe ge zi shi zheng 。"
故,gu,"这个字是故。","zhe ge zi shi gu 。"
救,jiu,"这个字是救。","zhe ge zi shi jiu 。"
教,jiāo,"教我。","jiao wo 。"
散,san,"这个字是散。","zhe ge zi shi san 。"
敬,jing,"这个字是敬。","zhe ge zi shi jing 。"
数,shu,"这个字是数。","zhe ge zi shi shu 。"
整,zheng,"这个字是整。","zhe ge zi shi zheng 。"
文,wen,"这个字是文。","zhe ge zi shi wen 。"
断,duan,"这个字是断。","zhe ge zi shi duan 。"
新,xīn,"新书。","xin shu 。"
旁,pang,"这个字是旁。","zhe ge zi shi pang 。"
旅,lü,"这个字是旅。","zhe ge zi shi lü 。"
族,zu,"这个字是族。","zhe ge zi shi zu 。"
旗,qi,"这个字是旗。","zhe ge zi shi qi 。"
日,rì,"今天。","jin tian 。"
旧,jiù,"旧书。","jiu shu 。"
早,zao,"这个字是早。","zhe ge zi shi zao 。"
时,shí,"什么时候？","shen me shi hou ？"
明,ming,"这个字是明。","zhe ge zi shi ming 。"
易,yi,"这个字是易。","zhe ge zi shi yi 。"
星,xing,"这个字是星。","zhe ge zi shi xing 。"
昨,zuo,"这个字是昨。","zhe ge zi shi zuo 。"
是,shì,"我是学生。","wo shi xue sheng 。"
显,xian,"这个字是显。","zhe ge zi shi xian 。"
晚,wan,"这个字是晚。","zhe ge zi shi wan 。"
晨,chen,"这个字是晨。","zhe ge zi shi chen 。"
普,pu,"这个字是普。","zhe ge zi shi pu 。"
景,jing,"这个字是景。","zhe ge zi shi jing 。"
暑,shu,"这个字是暑。","zhe ge zi shi shu 。"
暖,nuǎn,"很暖。","hen nuan 。"
曲,qu,"这个字是曲。","zhe ge zi shi qu 。"
替,ti,"这个字是替。","zhe ge zi shi ti 。"
月,yuè,"这个月。","zhe ge yue 。"
有,yǒu,"我有书。","wo you shu 。"
朋,peng,"这个字是朋。","zhe ge zi shi peng 。"
服,fu,"这个字是服。","zhe ge zi shi fu 。"
望,wang,"这个字是望。","zhe ge zi shi wang 。"
期,qi,"这个字是期。","zhe ge zi shi qi 。"
木,mù,"木头。","mu tou 。"
未,wei,"这个字是未。","zhe ge zi shi wei 。"
末,mo,"这个字是末。","zhe ge zi shi mo 。"
术,shu,"这个字是术。","zhe ge zi shi shu 。"
机,ji,"这个字是机。","zhe ge zi shi ji 。"
杂,za,"这个字是杂。","zhe ge zi shi za 。"
李,li,"这个字是李。","zhe ge zi shi li 。"
村,cun,"这个字是村。","zhe ge zi shi cun 。"
来,lái,"你来我家。","ni lai wo jia 。"
杭,hang,"这个字是杭。","zhe ge zi shi hang 。"
杯,bei,"这个字是杯。","zhe ge zi shi bei 。"
杰,jie,"这个字是杰。","zhe ge zi shi jie 。"
板,ban,"这个字是板。","zhe ge zi shi ban 。"
极,ji,"这个字是极。","zhe ge zi shi ji 。"
果,guo,"这个字是果。","zhe ge zi shi guo 。"
染,ran,"这个字是染。","zhe ge zi shi ran 。"
柜,gui,"这个字是柜。","zhe ge zi shi gui 。"
柿,shi,"这个字是柿。","zhe ge zi shi shi 。"
标,biao,"这个字是标。","zhe ge zi shi biao 。"
树,shu,"这个字是树。","zhe ge zi shi shu 。"
校,xiao,"这个字是校。","zhe ge zi shi xiao 。"
格,ge,"这个字是格。","zhe ge zi shi ge 。"
案,an,"这个字是案。","zhe ge zi shi an 。"
桌,zhuō,"桌子。","zhuo zi 。"
梦,meng,"这个字是梦。","zhe ge zi shi meng 。"
梯,ti,"这个字是梯。","zhe ge zi shi ti 。"
检,jian,"这个字是检。","zhe ge zi shi jian 。"
棉,mian,"这个字是棉。","zhe ge zi shi mian 。"
植,zhi,"这个字是植。","zhe ge zi shi zhi 。"
楚,chu,"这个字是楚。","zhe ge zi shi chu 。"
楼,lou,"这个字是楼。","zhe ge zi shi lou 。"
概,gai,"这个字是概。","zhe ge zi shi gai 。"
欢,huan,"这个字是欢。","zhe ge zi shi huan 。"
款,kuan,"这个字是款。","zhe ge zi shi kuan 。"
歉,qian,"这个字是歉。","zhe ge zi shi qian 。"
歌,ge,"这个字是歌。","zhe ge zi shi ge 。"
正,zheng,"这个字是正。","zhe ge zi shi zheng 。"
武,wu,"这个字是武。","zhe ge zi shi wu 。"
死,si,"这个字是死。","zhe ge zi shi si 。"
母,mu,"这个字是母。","zhe ge zi shi mu 。"
每,mei,"这个字是每。","zhe ge zi shi mei 。"
毛,mao,"这个字是毛。","zhe ge zi shi mao 。"
毯,tan,"这个字是毯。","zhe ge zi shi tan 。"
民,min,"这个字是民。","zhe ge zi shi min 。"
气,qi,"这个字是气。","zhe ge zi shi qi 。"
氛,fen,"这个字是氛。","zhe ge zi shi fen 。"
水,shuǐ,"清水。","qing shui 。"
永,yong,"这个字是永。","zhe ge zi shi yong 。"
求,qiu,"这个字是求。","zhe ge zi shi qiu 。"
汇,hui,"这个字是汇。","zhe ge zi shi hui 。"
汉,han,"这个字是汉。","zhe ge zi shi han 。"
江,jiang,"这个字是江。","zhe ge zi shi jiang 。"
池,chi,"这个字是池。","zhe ge zi shi chi 。"
污,wu,"这个字是污。","zhe ge zi shi wu 。"
汤,tang,"这个字是汤。","zhe ge zi shi tang 。"
没,mei,"这个字是没。","zhe ge zi shi mei 。"
河,he,"这个字是河。","zhe ge zi shi he 。"
油,you,"这个字是油。","zhe ge zi shi you 。"
法,fa,"这个字是法。","zhe ge zi shi fa 。"
注,zhu,"这个字是注。","zhe ge zi shi zhu 。"
泰,tai,"这个字是泰。","zhe ge zi shi tai 。"
洗,xi,"这个字是洗。","zhe ge zi shi xi 。"
济,ji,"这个字是济。","zhe ge zi shi ji 。"
浪,lang,"这个字是浪。","zhe ge zi shi lang 。"
海,hai,"这个字是海。","zhe ge zi shi hai 。"
消,xiao,"这个字是消。","zhe ge zi shi xiao 。"
淋,lin,"这个字是淋。","zhe ge zi shi lin 。"
清,qing,"这个字是清。","zhe ge zi shi qing 。"
温,wen,"这个字是温。","zhe ge zi shi wen 。"
港,gang,"这个字是港。","zhe ge zi shi gang 。"
游,you,"这个字是游。","zhe ge zi shi you 。"
湾,wan,"这个字是湾。","zhe ge zi shi wan 。"
湿,shī,"很湿。","hen shi 。"
滑,hua,"这个字是滑。","zhe ge zi shi hua 。"
满,man,"这个字是满。","zhe ge zi shi man 。"
滨,bin,"这个字是滨。","zhe ge zi shi bin 。"
漂,piao,"这个字是漂。","zhe ge zi shi piao 。"
漆,qi,"这个字是漆。","zhe ge zi shi qi 。"
漠,mo,"这个字是漠。","zhe ge zi shi mo 。"
激,ji,"这个字是激。","zhe ge zi shi ji 。"
火,huǒ,"大火。","da huo 。"
灸,jiu,"这个字是灸。","zhe ge zi shi jiu 。"
烛,zhu,"这个字是烛。","zhe ge zi shi zhu 。"
烟,yan,"这个字是烟。","zhe ge zi shi yan 。"
烦,fan,"这个字是烦。","zhe ge zi shi fan 。"
热,rè,"很热。","hen re 。"
然,ran,"这个字是然。","zhe ge zi shi ran 。"
熊,xiong,"这个字是熊。","zhe ge zi shi xiong 。"
爬,pa,"这个字是爬。","zhe ge zi shi pa 。"
父,fu,"这个字是父。","zhe ge zi shi fu 。"
爽,shuang,"这个字是爽。","zhe ge zi shi shuang 。"
牌,pai,"这个字是牌。","zhe ge zi shi pai 。"
牛,niu,"这个字是牛。","zhe ge zi shi niu 。"
物,wu,"这个字是物。","zhe ge zi shi wu 。"
猫,mao,"这个字是猫。","zhe ge zi shi mao 。"
玩,wan,"这个字是玩。","zhe ge zi shi wan 。"
环,huan,"这个字是环。","zhe ge zi shi huan 。"
现,xian,"这个字是现。","zhe ge zi shi xian 。"
珍,zhen,"这个字是珍。","zhe ge zi shi zhen 。"
班,ban,"这个字是班。","zhe ge zi shi ban 。"
球,qiu,"这个字是球。","zhe ge zi shi qiu 。"
理,li,"这个字是理。","zhe ge zi shi li 。"
琴,qin,"这个字是琴。","zhe ge zi shi qin 。"
琵,pi,"这个字是琵。","zhe ge zi shi pi 。"
琶,pa,"这个字是琶。","zhe ge zi shi pa 。"
瓜,gua,"这个字是瓜。","zhe ge zi shi gua 。"
瓶,ping,"这个字是瓶。","zhe ge zi shi ping 。"
瓷,ci,"这个字是瓷。","zhe ge zi shi ci 。"
甚,shen,"这个字是甚。","zhe ge zi shi shen 。"
生,sheng,"这个字是生。","zhe ge zi shi sheng 。"
用,yong,"这个字是用。","zhe ge zi shi yong 。"
由,you,"这个字是由。","zhe ge zi shi you 。"
申,shen,"这个字是申。","zhe ge zi shi shen 。"
电,dian,"这个字是电。","zhe ge zi shi dian 。"
画,hua,"这个字是画。","zhe ge zi shi hua 。"
界,jie,"这个字是界。","zhe ge zi shi jie 。"
留,liu,"这个字是留。","zhe ge zi shi liu 。"
白,bái,"白色。","bai se 。"
的,de,"这是我的书。","zhe shi wo de shu 。"
盒,he,"这个字是盒。","zhe ge zi shi he 。"
目,mu,"这个字是目。","zhe ge zi shi mu 。"
直,zhi,"这个字是直。","zhe ge zi shi zhi 。"
相,xiang,"这个字是相。","zhe ge zi shi xiang 。"
盹,dun,"这个字是盹。","zhe ge zi shi dun 。"
看,kàn,"我看书。","wo kan shu 。"
真,zhēn,"真的。","zhen de 。"
眼,yǎn,"眼睛。","yan jing 。"
睛,jing,"这个字是睛。","zhe ge zi shi jing 。"
睡,shui,"这个字是睡。","zhe ge zi shi shui 。"
知,zhi,"这个字是知。","zhe ge zi shi zhi 。"
矩,ju,"这个字是矩。","zhe ge zi shi ju 。"
短,duǎn,"很短。","hen duan 。"
石,shi,"这个字是石。","zhe ge zi shi shi 。"
码,ma,"这个字是码。","zhe ge zi shi ma 。"
研,yan,"这个字是研。","zhe ge zi shi yan 。"
础,chu,"这个字是础。","zhe ge zi shi chu 。"
硕,shuo,"这个字是硕。","zhe ge zi shi shuo 。"
硬,ying,"这个字是硬。","zhe ge zi shi ying 。"
碟,die,"这个字是碟。","zhe ge zi shi die 。"
磁,ci,"这个字是磁。","zhe ge zi shi ci 。"
示,shi,"这个字是示。","zhe ge zi shi shi 。"
礼,li,"这个字是礼。","zhe ge zi shi li 。"
社,she,"这个字是社。","zhe ge zi shi she 。"
祖,zu,"这个字是祖。","zhe ge zi shi zu 。"
祝,zhu,"这个字是祝。","zhe ge zi shi zhu 。"
神,shen,"这个字是神。","zhe ge zi shi shen 。"
祥,xiang,"这个字是祥。","zhe ge zi shi xiang 。"
票,piao,"这个字是票。","zhe ge zi shi piao 。"
福,fu,"这个字是福。","zhe ge zi shi fu 。"
离,li,"这个字是离。","zhe ge zi shi li 。"
科,ke,"这个字是科。","zhe ge zi shi ke 。"
秘,mi,"这个字是秘。","zhe ge zi shi mi 。"
租,zu,"这个字是租。","zhe ge zi shi zu 。"
积,ji,"这个字是积。","zhe ge zi shi ji 。"
究,jiu,"这个字是究。","zhe ge zi shi jiu 。"
突,tu,"这个字是突。","zhe ge zi shi tu 。"
窗,chuāng,"窗户。","chuang hu 。"
立,li,"这个字是立。","zhe ge zi shi li 。"
站,zhàn,"我站着。","wo zhan zhe 。"
章,zhang,"这个字是章。","zhe ge zi shi zhang 。"
笃,du,"这个字是笃。","zhe ge zi shi du 。"
笔,bǐ,"笔很新。","bi hen xin 。"
等,deng,"这个字是等。","zhe ge zi shi deng 。"
筑,zhu,"这个字是筑。","zhe ge zi shi zhu 。"
筒,tong,"这个字是筒。","zhe ge zi shi tong 。"
答,da,"这个字是答。","zhe ge zi shi da 。"
筷,kuai,"这个字是筷。","zhe ge zi shi kuai 。"
简,jian,"这个字是简。","zhe ge zi shi jian 。"
算,suan,"这个字是算。","zhe ge zi shi suan 。"
箱,xiang,"这个字是箱。","zhe ge zi shi xiang 。"
籍,ji,"这个字是籍。","zhe ge zi shi ji 。"
米,mi,"这个字是米。","zhe ge zi shi mi 。"
精,jing,"这个字是精。","zhe ge zi shi jing 。"
糕,gao,"这个字是糕。","zhe ge zi shi gao 。"
糟,zao,"这个字是糟。","zhe ge zi shi zao 。"
紧,jin,"这个字是紧。","zhe ge zi shi jin 。"
累,lei,"这个字是累。","zhe ge zi shi lei 。"
繁,fan,"这个字是繁。","zhe ge zi shi fan 。"
纠,jiu,"这个字是纠。","zhe ge zi shi jiu 。"
红,hóng,"红色。","hong se 。"
约,yue,"这个字是约。","zhe ge zi shi yue 。"
线,xian,"这个字是线。","zhe ge zi shi xian 。"
练,lian,"这个字是练。","zhe ge zi shi lian 。"
组,zu,"这个字是组。","zhe ge zi shi zu 。"
织,zhi,"这个字是织。","zhe ge zi shi zhi 。"
终,zhong,"这个字是终。","zhe ge zi shi zhong 。"
绍,shao,"这个字是绍。","zhe ge zi shi shao 。"
经,jing,"这个字是经。","zhe ge zi shi jing 。"
给,gei,"这个字是给。","zhe ge zi shi gei 。"
统,tong,"这个字是统。","zhe ge zi shi tong 。"
继,ji,"这个字是继。","zhe ge zi shi ji 。"
续,xu,"这个字是续。","zhe ge zi shi xu 。"
绸,chou,"这个字是绸。","zhe ge zi shi chou 。"
绿,lǜ,"绿色。","lü se 。"
缆,lan,"这个字是缆。","zhe ge zi shi lan 。"
置,zhi,"这个字是置。","zhe ge zi shi zhi 。"
羊,yang,"这个字是羊。","zhe ge zi shi yang 。"
美,mei,"这个字是美。","zhe ge zi shi mei 。"
翻,fan,"这个字是翻。","zhe ge zi shi fan 。"
老,lǎo,"老人。","lao ren 。"
考,kao,"这个字是考。","zhe ge zi shi kao 。"
而,er,"这个字是而。","zhe ge zi shi er 。"
耳,ěr,"耳朵。","er duo 。"
联,lian,"这个字是联。","zhe ge zi shi lian 。"
聪,cong,"这个字是聪。","zhe ge zi shi cong 。"
肉,rou,"肉很香。","rou hen xiang 。"
肚,du,"这个字是肚。","zhe ge zi shi du 。"
肯,ken,"这个字是肯。","zhe ge zi shi ken 。"
胜,sheng,"这个字是胜。","zhe ge zi shi sheng 。"
胡,hu,"这个字是胡。","zhe ge zi shi hu 。"
胶,jiao,"这个字是胶。","zhe ge zi shi jiao 。"
能,néng,"我能。","wo neng 。"
脑,nao,"这个字是脑。","zhe ge zi shi nao 。"
腐,fu,"这个字是腐。","zhe ge zi shi fu 。"
腰,yao,"这个字是腰。","zhe ge zi shi yao 。"
自,zi,"这个字是自。","zhe ge zi shi zi 。"
舒,shu,"这个字是舒。","zhe ge zi shi shu 。"
航,hang,"这个字是航。","zhe ge zi shi hang 。"
般,ban,"这个字是般。","zhe ge zi shi ban 。"
色,se,"这个字是色。","zhe ge zi shi se 。"
艺,yi,"这个字是艺。","zhe ge zi shi yi 。"
芦,lu,"这个字是芦。","zhe ge zi shi lu 。"
英,ying,"这个字是英。","zhe ge zi shi ying 。"
草,cao,"这个字是草。","zhe ge zi shi cao 。"
营,ying,"这个字是营。","zhe ge zi shi ying 。"
葫,hu,"这个字是葫。","zhe ge zi shi hu 。"
薯,shu,"这个字是薯。","zhe ge zi shi shu 。"
虎,hu,"这个字是虎。","zhe ge zi shi hu 。"
蛋,dan,"蛋很新鲜。","dan hen xin xian 。"
蜜,mi,"这个字是蜜。","zhe ge zi shi mi 。"
蜡,la,"这个字是蜡。","zhe ge zi shi la 。"
行,xing,"这个字是行。","zhe ge zi shi xing 。"
街,jie,"这个字是街。","zhe ge zi shi jie 。"
衣,yi,"这个字是衣。","zhe ge zi shi yi 。"
衫,shan,"这个字是衫。","zhe ge zi shi shan 。"
衬,chen,"这个字是衬。","zhe ge zi shi chen 。"
袋,dai,"这个字是袋。","zhe ge zi shi dai 。"
裙,qun,"这个字是裙。","zhe ge zi shi qun 。"
裤,ku,"这个字是裤。","zhe ge zi shi ku 。"
裹,guo,"这个字是裹。","zhe ge zi shi guo 。"
西,xī,"西方。","xi fang 。"
要,yào,"我要学习。","wo yao xue xi 。"
见,jian,"这个字是见。","zhe ge zi shi jian 。"
观,guan,"这个字是观。","zhe ge zi shi guan 。"
规,gui,"这个字是规。","zhe ge zi shi gui 。"
视,shi,"这个字是视。","zhe ge zi shi shi 。"
览,lan,"这个字是览。","zhe ge zi shi lan 。"
觉,jue,"这个字是觉。","zhe ge zi shi jue 。"
解,jie,"这个字是解。","zhe ge zi shi jie 。"
警,jing,"这个字是警。","zhe ge zi shi jing 。"
计,ji,"这个字是计。","zhe ge zi shi ji 。"
认,ren,"这个字是认。","zhe ge zi shi ren 。"
讨,tao,"这个字是讨。","zhe ge zi shi tao 。"
议,yi,"这个字是议。","zhe ge zi shi yi 。"
许,xu,"这个字是许。","zhe ge zi shi xu 。"
论,lun,"这个字是论。","zhe ge zi shi lun 。"
访,fang,"这个字是访。","zhe ge zi shi fang 。"
证,zheng,"这个字是证。","zhe ge zi shi zheng 。"
识,shi,"这个字是识。","zhe ge zi shi shi 。"
诉,su,"这个字是诉。","zhe ge zi shi su 。"
词,ci,"这个字是词。","zhe ge zi shi ci 。"
译,yi,"这个字是译。","zhe ge zi shi yi 。"
试,shi,"这个字是试。","zhe ge zi shi shi 。"
语,yu,"这个字是语。","zhe ge zi shi yu 。"
误,wu,"这个字是误。","zhe ge zi shi wu 。"
说,shuō,"我说中文。","wo shuo zhong wen 。"
请,qing,"这个字是请。","zhe ge zi shi qing 。"
读,du,"这个字是读。","zhe ge zi shi du 。"
课,ke,"这个字是课。","zhe ge zi shi ke 。"
谁,shéi,"你是谁？","ni shi shui ？"
调,tiao,"这个字是调。","zhe ge zi shi tiao 。"
谅,liang,"这个字是谅。","zhe ge zi shi liang 。"
谈,tan,"这个字是谈。","zhe ge zi shi tan 。"
谊,yi,"这个字是谊。","zhe ge zi shi yi 。"
谎,huang,"这个字是谎。","zhe ge zi shi huang 。"
谐,xie,"这个字是谐。","zhe ge zi shi xie 。"
谢,xie,"这个字是谢。","zhe ge zi shi xie 。"
谱,pu,"这个字是谱。","zhe ge zi shi pu 。"
豆,dou,"这个字是豆。","zhe ge zi shi dou 。"
象,xiang,"这个字是象。","zhe ge zi shi xiang 。"
财,cai,"这个字是财。","zhe ge zi shi cai 。"
质,zhi,"这个字是质。","zhe ge zi shi zhi 。"
贵,gui,"这个字是贵。","zhe ge zi shi gui 。"
费,fei,"这个字是费。","zhe ge zi shi fei 。"
资,zi,"这个字是资。","zhe ge zi shi zi 。"
赛,sai,"这个字是赛。","zhe ge zi shi sai 。"
赢,ying,"这个字是赢。","zhe ge zi shi ying 。"
走,zǒu,"我走路。","wo zou lu 。"
越,yue,"这个字是越。","zhe ge zi shi yue 。"
趣,qu,"这个字是趣。","zhe ge zi shi qu 。"
跑,pǎo,"我跑步。","wo pao bu 。"
距,ju,"这个字是距。","zhe ge zi shi ju 。"
跤,jiao,"这个字是跤。","zhe ge zi shi jiao 。"
路,lu,"这个字是路。","zhe ge zi shi lu 。"
踩,cai,"这个字是踩。","zhe ge zi shi cai 。"
身,shēn,"身体。","shen ti 。"
车,chē,"车很快。","che hen kuai 。"
转,zhuan,"这个字是转。","zhe ge zi shi zhuan 。"
软,ruan,"这个字是软。","zhe ge zi shi ruan 。"
轻,qing,"这个字是轻。","zhe ge zi shi qing 。"
较,jiao,"这个字是较。","zhe ge zi shi jiao 。"
辆,liang,"这个字是辆。","zhe ge zi shi liang 。"
辈,bei,"这个字是辈。","zhe ge zi shi bei 。"
辛,xin,"这个字是辛。","zhe ge zi shi xin 。"
边,biān,"旁边。","pang bian 。"
达,da,"这个字是达。","zhe ge zi shi da 。"
迅,xun,"这个字是迅。","zhe ge zi shi xun 。"
迎,ying,"这个字是迎。","zhe ge zi shi ying 。"
运,yun,"这个字是运。","zhe ge zi shi yun 。"
近,jin,"这个字是近。","zhe ge zi shi jin 。"
这,zhè,"这是书。","zhe shi shu 。"
进,jìn,"我进来。","wo jin lai 。"
远,yuan,"这个字是远。","zhe ge zi shi yuan 。"
连,lian,"这个字是连。","zhe ge zi shi lian 。"
迟,chi,"这个字是迟。","zhe ge zi shi chi 。"
迹,ji,"这个字是迹。","zhe ge zi shi ji 。"
适,shi,"这个字是适。","zhe ge zi shi shi 。"
选,xuan,"这个字是选。","zhe ge zi shi xuan 。"
造,zao,"这个字是造。","zhe ge zi shi zao 。"
遇,yu,"这个字是遇。","zhe ge zi shi yu 。"
遍,bian,"这个字是遍。","zhe ge zi shi bian 。"
道,dao,"这个字是道。","zhe ge zi shi dao 。"
遗,yi,"这个字是遗。","zhe ge zi shi yi 。"
遥,yao,"这个字是遥。","zhe ge zi shi yao 。"
遵,zun,"这个字是遵。","zhe ge zi shi zun 。"
避,bi,"这个字是避。","zhe ge zi shi bi 。"
邀,yao,"这个字是邀。","zhe ge zi shi yao 。"
那,nà,"那是笔。","na shi bi 。"
邮,you,"这个字是邮。","zhe ge zi shi you 。"
郎,lang,"这个字是郎。","zhe ge zi shi lang 。"
部,bu,"这个字是部。","zhe ge zi shi bu 。"
都,dōu,"我们都去。","wo men dou qu 。"
酒,jiu,"这个字是酒。","zhe ge zi shi jiu 。"
醋,cu,"这个字是醋。","zhe ge zi shi cu 。"
里,lǐ,"里面。","li mian 。"
重,zhong,"这个字是重。","zhe ge zi shi zhong 。"
野,ye,"这个字是野。","zhe ge zi shi ye 。"
量,liang,"这个字是量。","zhe ge zi shi liang 。"
针,zhen,"这个字是针。","zhe ge zi shi zhen 。"
钟,zhong,"这个字是钟。","zhe ge zi shi zhong 。"
钢,gang,"这个字是钢。","zhe ge zi shi gang 。"
钥,yao,"这个字是钥。","zhe ge zi shi yao 。"
钱,qián,"我有钱。","wo you qian 。"
铁,tie,"这个字是铁。","zhe ge zi shi tie 。"
银,yin,"这个字是银。","zhe ge zi shi yin 。"
链,lian,"这个字是链。","zhe ge zi shi lian 。"
镜,jing,"这个字是镜。","zhe ge zi shi jing 。"
间,jian,"这个字是间。","zhe ge zi shi jian 。"
闹,nao,"这个字是闹。","zhe ge zi shi nao 。"
阅,yue,"这个字是阅。","zhe ge zi shi yue 。"
阿,a,"这个字是阿。","zhe ge zi shi a 。"
际,ji,"这个字是际。","zhe ge zi shi ji 。"
院,yuan,"这个字是院。","zhe ge zi shi yuan 。"
除,chu,"这个字是除。","zhe ge zi shi chu 。"
险,xian,"这个字是险。","zhe ge zi shi xian 。"
随,sui,"这个字是随。","zhe ge zi shi sui 。"
障,zhang,"这个字是障。","zhe ge zi shi zhang 。"
集,ji,"这个字是集。","zhe ge zi shi ji 。"
雕,diao,"这个字是雕。","zhe ge zi shi diao 。"
零,ling,"这个字是零。","zhe ge zi shi ling 。"
需,xu,"这个字是需。","zhe ge zi shi xu 。"
霉,mei,"这个字是霉。","zhe ge zi shi mei 。"
青,qing,"这个字是青。","zhe ge zi shi qing 。"
静,jing,"这个字是静。","zhe ge zi shi jing 。"
非,fei,"这个字是非。","zhe ge zi shi fei 。"
面,miàn,"见面。","jian mian 。"
革,ge,"这个字是革。","zhe ge zi shi ge 。"
鞋,xie,"这个字是鞋。","zhe ge zi shi xie 。"
音,yin,"这个字是音。","zhe ge zi shi yin 。"
顶,ding,"这个字是顶。","zhe ge zi shi ding 。"
项,xiang,"这个字是项。","zhe ge zi shi xiang 。"
顾,gu,"这个字是顾。","zhe ge zi shi gu 。"
预,yu,"这个字是预。","zhe ge zi shi yu 。"
领,ling,"这个字是领。","zhe ge zi shi ling 。"
颐,yi,"这个字是颐。","zhe ge zi shi yi 。"
频,pin,"这个字是频。","zhe ge zi shi pin 。"
题,ti,"这个字是题。","zhe ge zi shi ti 。"
颜,yan,"这个字是颜。","zhe ge zi shi yan 。"
风,feng,"这个字是风。","zhe ge zi shi feng 。"
食,shi,"这个字是食。","zhe ge zi shi shi 。"
餐,can,"这个字是餐。","zhe ge zi shi can 。"
饭,fan,"这个字是饭。","zhe ge zi shi fan 。"
饰,shi,"这个字是饰。","zhe ge zi shi shi 。"
饼,bing,"这个字是饼。","zhe ge zi shi bing 。"
馆,guan,"这个字是馆。","zhe ge zi shi guan 。"
首,shou,"这个字是首。","zhe ge zi shi shou 。"
马,ma,"这个字是马。","zhe ge zi shi ma 。"
驾,jia,"这个字是驾。","zhe ge zi shi jia 。"
骄,jiao,"这个字是骄。","zhe ge zi shi jiao 。"
骑,qi,"这个字是骑。","zhe ge zi shi qi 。"
骨,gu,"这个字是骨。","zhe ge zi shi gu 。"
鱼,yu,"鱼很新鲜。","yu hen xin xian 。"
鲁,lu,"这个字是鲁。","zhe ge zi shi lu 。"
鲜,xian,"这个字是鲜。","zhe ge zi shi xian 。"
鸡,ji,"鸡很香。","ji hen xiang 。"
鸭,ya,"鸭很好吃。","ya hen hao chi 。"
麦,mai,"这个字是麦。","zhe ge zi shi mai 。"
麻,ma,"这个字是麻。","zhe ge zi shi ma 。"
黄,huáng,"黄色。","huang se 。"
黎,li,"这个字是黎。","zhe ge zi shi li 。"
鼻,bí,"鼻子。","bi zi 。"
齐,qi,"这个字是齐。","zhe ge zi shi qi 。"
龄,ling,"这个字是龄。","zhe ge zi shi ling 。"